cluster,finance_crypto_speculation_index,finance_real_estate_pressure_index,finance_macro_pressure_index,luxury_status_consumption_index,luxury_aesthetic_body_index,luxury_elite_mobility_index,crime_gun_violence_index,crime_organized_crime_index,crime_sexual_violence_index,crime_cybercrime_index,crime_violent_crime_index,social_migration_pressure_index,social_work_culture_index,social_corruption_index,social_dating_culture_index,social_identity_politics_index,social_vegan_lifestyle_index,environment_climate_concern_index,environment_energy_transition_index,environment_pollution_index,tech_digital_intelligence_index,tech_security_privacy_index,entertainment_streaming_consumption_index,entertainment_short_video_index,health_mental_health_index,health_healthcare_access_index,health_addiction_recovery_index,health_sleep_crisis_index,sports_body_image_index,sports_elite_spectator_sports_index
0,0.24523809523809523,-0.1389062175088376,0.09070294784580499,-0.21435721435721436,0.06063206063206064,-0.1552981552981553,0.5793650793650794,-0.12863021751910642,0.1818181818181818,-0.09788359788359788,-0.022356360384529407,0.13968253968253966,0.018497687789026367,-0.06107660455486543,-0.12096633525204954,0.0,-0.12089145422478755,0.5286404416839199,-0.009862844814301117,0.29444444444444445,0.06349206349206349,1.7380952380952381,0.0341055341055341,-0.2248995983935743,0.16551086453999075,0.19047619047619047,0.0,0.07936507936507936,0.5512265512265512,0.00959763750461426
1,-0.4428571428571428,0.22208359326263258,0.38775510204081637,0.1583011583011583,0.20849420849420852,0.39897039897039893,0.8571428571428571,-0.4761904761904762,0.4740259740259741,0.445578231292517,0.07243460764587527,0.5224489795918367,0.8773903262092239,0.11801242236024843,-0.25510204081632654,0.0,0.1702741702741703,0.12422360248447205,0.565880721220527,0.5357142857142857,0.42857142857142855,12.071428571428571,0.31467181467181465,-0.17900172117039587,0.09153952843273232,20.678571428571427,0.0,0.8571428571428571,0.9350649350649352,0.17275747508305647
